Workbook

Sheet Phân công công việc
A1: BẢNG PHÂN CÔNG CÔNG VIỆC NHÓM
A3: Tên dự án: | B3: Web bán hàng nông sản | E3: Sprint: | H3: Sprint 2
A4: Ngày bắt đầu: | B4: 17/03/2026 | E4: Trưởng nhóm: | H4: Văn Phú Đại
A6: # | B6: Công việc / User Story | C6: Mô tả chi tiết | D6: Người thực hiện | E6: Ưu tiên | F6: Story Points | G6: Ngày bắt đầu | H6: Hạn hoàn thành | I6: Trạng thái | J6: Ghi chú
A7: 1 | B7: Auth đa vai trò + bảo vệ route admin | C7: Chuẩn hóa đăng nhập admin/vendor/user, chặn truy cập sai vai trò | D7: Văn Phú Đại | E7: 🔴 Cao | F7: 5 | G7: 17/03 | H7: 18/03 | I7: ✅ Hoàn thành | J7: Đã test phân quyền cơ bản
A8: 2 | B8: Đồng bộ reset mật khẩu OTP | C8: Thống nhất forgot_password_init, verify_reset_otp, reset_password | D8: Nguyễn Hữu Tình | E8: 🟡 Trung bình | F8: 3 | G8: 17/03 | H8: 18/03 | I8: ✅ Hoàn thành | J8: Đã xử lý route tương thích
A9: 3 | B9: Validate voucher server-side | C9: Kiểm tra mã, hạn mức, trạng thái trong create_order | D9: Trần Thế Kiệt | E9: 🔴 Cao | F9: 5 | G9: 18/03 | H9: 19/03 | I9: ✅ Hoàn thành | J9: Đã ghi nhận usage trong transaction
A10: 4 | B10: Theo dõi usage khuyến mãi | C10: Lưu promotion_usages và tăng used_count chính xác | D10: Trần Đình Tú | E10: 🔴 Cao | F10: 3 | G10: 18/03 | H10: 19/03 | I10: ✅ Hoàn thành | J10: Đã kiểm thử với nhiều user
A11: 5 | B11: Đồng bộ trạng thái sale | C11: Tự động suy ra status từ end_date khi list/create/update | D11: Lê Vũ Hoàng | E11: 🟡 Trung bình | F11: 3 | G11: 18/03 | H11: 20/03 | I11: 🔄 Đang làm | J11: Còn case gia hạn campaign
A12: 6 | B12: Tích hợp banner hero user | C12: Trộn banner hệ thống từ admin vào slider trang chủ user | D12: Lê Vũ Hoàng | E12: 🟡 Trung bình | F12: 2 | G12: 19/03 | H12: 20/03 | I12: 🔄 Đang làm | J12: Đã hiển thị slide mới
A13: 7 | B13: Bắt buộc login cho cart | C13: Chặn addToCart, /cart, /checkout nếu chưa đăng nhập | D13: Trần Đình Tú | E13: 🔴 Cao | F13: 3 | G13: 19/03 | H13: 20/03 | I13: ✅ Hoàn thành | J13: Đã redirect kèm redirect query
A14: 8 | B14: Notification theo account | C14: Ràng buộc key user:<id>, clear state khi đổi tài khoản | D14: Nguyễn Hữu Tình | E14: 🟡 Trung bình | F14: 3 | G14: 19/03 | H14: 21/03 | I14: 🔄 Đang làm | J14: Đang tối ưu mark-read
A15: 9 | B15: Sửa bug fallthrough promotions | C15: Tách rõ case toggle_status và create/update | D15: Văn Phú Đại | E15: 🟡 Trung bình | F15: 2 | G15: 20/03 | H15: 21/03 | I15: 👀 Chờ review | J15: Chờ review backend
A16: 10 | B16: Chuẩn hóa API_BASE frontend | C16: Dùng src/config.js và VITE_API_PROXY_TARGET cho môi trường | D16: Trần Thế Kiệt | E16: 🟢 Thấp | F16: 1 | G16: 20/03 | H16: 21/03 | I16: ✅ Hoàn thành | J16: Đã kiểm thử local/proxy
A17: 11
A18: 12
A19: 13
A20: 14
A21: 15
A23: 📊 THỐNG KÊ NHANH
A24: Tổng số công việc: | B24: =COUNTA(B7:B21) | C24: Đã hoàn thành: | D24: =COUNTIF(I7:I21,"✅ Hoàn thành") | E24: Chờ review: | F24: =COUNTIF(I7:I21,"👀 Chờ review") | G24: Ưu tiên cao: | H24: =COUNTIF(E7:E21,"🔴 Cao")
A25: Tổng Story Points: | B25: =SUM(F7:F21) | C25: Đang thực hiện: | D25: =COUNTIF(I7:I21,"🔄 Đang làm") | E25: Bị chặn: | F25: =COUNTIF(I7:I21,"⚠️ Bị chặn") | G25: Tỷ lệ hoàn thành: | H25: =IF(COUNTA(B7:B21)>0,COUNTIF(I7:I21,"✅ Hoàn thành")/COUNTA(B7:B21),0)

Sheet Khối lượng thành viên
A1: BẢNG PHÂN BỔ KHỐI LƯỢNG CÔNG VIỆC THEO THÀNH VIÊN
A3: # | B3: Họ và tên | C3: Vai trò | D3: Số công việc | E3: Tổng SP | F3: Đang làm | G3: Hoàn thành | H3: Tỷ lệ %
A4: 1 | B4: Văn Phú Đại | C4: Trưởng nhóm | D4: =COUNTIF('Phân công công việc'!D7:D21,B4) | E4: =SUMIF('Phân công công việc'!D7:D21,B4,'Phân công công việc'!F7:F21) | F4: =COUNTIFS('Phân công công việc'!D7:D21,B4,'Phân công công việc'!I7:I21,"🔄 Đang làm") | G4: =COUNTIFS('Phân công công việc'!D7:D21,B4,'Phân công công việc'!I7:I21,"✅ Hoàn thành") | H4: =IF(D4>0,G4/D4,0)
A5: 2 | B5: Lê Vũ Hoàng | C5: Thành viên | D5: =COUNTIF('Phân công công việc'!D7:D21,B5) | E5: =SUMIF('Phân công công việc'!D7:D21,B5,'Phân công công việc'!F7:F21) | F5: =COUNTIFS('Phân công công việc'!D7:D21,B5,'Phân công công việc'!I7:I21,"🔄 Đang làm") | G5: =COUNTIFS('Phân công công việc'!D7:D21,B5,'Phân công công việc'!I7:I21,"✅ Hoàn thành") | H5: =IF(D5>0,G5/D5,0)
A6: 3 | B6: Trần Thế Kiệt | C6: Thành viên | D6: =COUNTIF('Phân công công việc'!D7:D21,B6) | E6: =SUMIF('Phân công công việc'!D7:D21,B6,'Phân công công việc'!F7:F21) | F6: =COUNTIFS('Phân công công việc'!D7:D21,B6,'Phân công công việc'!I7:I21,"🔄 Đang làm") | G6: =COUNTIFS('Phân công công việc'!D7:D21,B6,'Phân công công việc'!I7:I21,"✅ Hoàn thành") | H6: =IF(D6>0,G6/D6,0)
A7: 4 | B7: Nguyễn Hữu Tình | C7: Thành viên | D7: =COUNTIF('Phân công công việc'!D7:D21,B7) | E7: =SUMIF('Phân công công việc'!D7:D21,B7,'Phân công công việc'!F7:F21) | F7: =COUNTIFS('Phân công công việc'!D7:D21,B7,'Phân công công việc'!I7:I21,"🔄 Đang làm") | G7: =COUNTIFS('Phân công công việc'!D7:D21,B7,'Phân công công việc'!I7:I21,"✅ Hoàn thành") | H7: =IF(D7>0,G7/D7,0)
A8: 5 | B8: Trần Đình Tú | C8: Thành viên | D8: =COUNTIF('Phân công công việc'!D7:D21,B8) | E8: =SUMIF('Phân công công việc'!D7:D21,B8,'Phân công công việc'!F7:F21) | F8: =COUNTIFS('Phân công công việc'!D7:D21,B8,'Phân công công việc'!I7:I21,"🔄 Đang làm") | G8: =COUNTIFS('Phân công công việc'!D7:D21,B8,'Phân công công việc'!I7:I21,"✅ Hoàn thành") | H8: =IF(D8>0,G8/D8,0)
A9: TỔNG CỘNG | D9: =SUM(D4:D8) | E9: =SUM(E4:E8) | F9: =SUM(F4:F8) | G9: =SUM(G4:G8) | H9: =IF(D9>0,G9/D9,0)
A11: 💡 Lưu ý: Nên phân công đều Story Points cho các thành viên (chênh lệch không quá 20%)

Sheet Theo dõi tiến độ
A1: BẢNG THEO DÕI TIẾN ĐỘ HÀNG NGÀY
A3: Ngày | B3: Công việc hoàn thành | C3: SP hoàn thành | D3: Tổng SP còn lại | E3: Ghi chú / Vấn đề | F3: Người báo cáo | G3: Giải pháp
A4: 17/03/2026 | B4: Hoàn tất auth đa vai trò, reset OTP | C4: 8 | D4: 19 | E4: Chưa đồng bộ hết API sale | F4: Văn Phú Đại | G4: Ưu tiên fix sale trong ngày 18/03
A5: 18/03/2026 | B5: Xong validate voucher + tracking usage | C5: 8 | D5: 11 | E5: Cần test thêm case gia hạn sale | F5: Trần Thế Kiệt | G5: Bổ sung test case end_date
A6: 19/03/2026 | B6: Xong login cho cart, bắt đầu banner hero | C6: 5 | D6: 6 | E6: Mark-read notification còn lỗi nhỏ | F6: Nguyễn Hữu Tình | G6: Tách key notification theo account
A7: 20/03/2026 | B7: Xong API_BASE + gần xong sale status | C7: 4 | D7: 2 | E7: 1 task đang chờ review | F7: Trần Đình Tú | G7: Đẩy review trong buổi chiều
A8: 21/03/2026 | B8: Hoàn thiện phần còn lại và chốt regression | C8: 2 | D8: 0 | E8: Không có blocker | F8: Lê Vũ Hoàng | G8: Đóng Sprint và tổng kết

Sheet Hướng dẫn
A1: 📖 HƯỚNG DẪN SỬ DỤNG BẢNG PHÂN CÔNG CÔNG VIỆC
A4: 1. CÁCH ĐIỀN THÔNG TIN
A6: Cột Công việc / User Story: | B6: Ghi tên công việc hoặc User Story ngắn gọn, rõ ràng
A7: Cột Mô tả chi tiết: | B7: Mô tả cụ thể công việc cần làm, tiêu chí hoàn thành
A8: Cột Người thực hiện: | B8: Ghi đúng tên như trong sheet "Khối lượng thành viên"
A9: Cột Ưu tiên: | B9: Chọn từ dropdown: 🔴 Cao, 🟡 Trung bình, 🟢 Thấp
A10: Cột Story Points: | B10: Điểm ước tính độ phức tạp (1, 2, 3, 5, 8, 13...)
A11: Cột Trạng thái: | B11: Chọn từ dropdown và CẬP NHẬT THƯỜNG XUYÊN
A13: 2. QUY ƯỚC STORY POINTS
A15: 1 SP: | B15: Công việc rất đơn giản, làm trong 1-2 giờ
A16: 2 SP: | B16: Công việc đơn giản, làm trong nửa ngày
A17: 3 SP: | B17: Công việc trung bình, làm trong 1 ngày
A18: 5 SP: | B18: Công việc phức tạp, làm trong 2-3 ngày
A19: 8 SP: | B19: Công việc rất phức tạp, cần chia nhỏ
A20: 13 SP: | B20: Công việc quá lớn, BẮT BUỘC phải chia nhỏ
A22: 3. QUY TẮC PHÂN CÔNG
A24: Cân bằng: | B24: Mỗi thành viên nên nhận ~20-25 SP/Sprint 2 tuần
A25: Ưu tiên cao: | B25: Phải có deadline rõ ràng và người phụ trách
A26: Công việc bị chặn: | B26: Ghi rõ nguyên nhân trong cột Ghi chú
A27: Pair programming: | B27: Ghi tên cả 2 người, cách nhau bằng dấu &
A29: 4. CẬP NHẬT HÀNG NGÀY
A31: Daily Standup: | B31: Cập nhật trạng thái công việc mỗi ngày
A32: Sheet Tiến độ: | B32: Ghi lại SP hoàn thành mỗi ngày
A34: 5. MÀU SẮC TRẠNG THÁI
A36: 📋 Chưa bắt đầu: | B36: Công việc mới, chưa ai làm
A37: 🔄 Đang làm: | B37: Đang trong quá trình thực hiện
A38: 👀 Chờ review: | B38: Đã xong, chờ code review hoặc kiểm tra
A39: ✅ Hoàn thành: | B39: Đã hoàn thành và được chấp nhận
A40: ⚠️ Bị chặn: | B40: Không thể tiếp tục vì lý do nào đó
